Workbook

Sheet Platform_Case_Data
A1: case_id | B1: year | C1: state | D1: platform | E1: platform_type | F1: crime_category | G1: laws_invoked | H1: victim_gender | I1: cases_reported | J1: cases_chargesheeted | K1: cases_convicted | L1: conviction_rate_pct | M1: convicted_yn | N1: case_status | O1: data_source | P1: source_url
A2: P-01 | B2: 2024 | C2: Pan-India | D2: WhatsApp | E2: Messaging App | F2: Cyberstalking & Harassment | G2: IT Act 67, IPC 354D (BNS 79) | H2: Female | I2: 43797 | J2: 8200 | K2: 1840 | L2: =K2/I2*100 -> 4.201201 | M2: Yes | N2: Closed | O2: MHA Annual Report 2023-24 | P2: https://www.mha.gov.in/MHA1/Par2017/pdfs/par2024-pdfs/LS06082024/2504.pdf
A3: P-02 | B3: 2024 | C3: Pan-India | D3: WhatsApp | E3: Messaging App | F3: Sextortion & Blackmail | G3: IT Act 66C, 66D, 67A | H3: Female | I3: 12400 | J3: 2100 | K3: 390 | L3: =K3/I3*100 -> 3.1451613 | M3: Yes | N3: Closed | O3: NCRP Annual Data 2024 | P3: https://cybercrime.gov.in
A4: P-03 | B4: 2025 | C4: Pan-India | D4: WhatsApp | E4: Messaging App | F4: Impersonation & Fake Profiles | G4: IT Act 66C, 66D (BNS 318) | H4: Female | I4: 18600 | J4: 3100 | K4: 520 | L4: =K4/I4*100 -> 2.7956989 | M4: Yes | N4: Closed | O4: MHA Rajya Sabha Response 2025 | P4: https://the420.in/cybercrime-against-women-india-rise-28000-cases/
A5: P-04 | B5: 2024 | C5: Pan-India | D5: Telegram | E5: Messaging App | F5: Revenge Porn / NCII Distribution | G5: IT Act 67A, IPC 354C (BNS 77) | H5: Female | I5: 22680 | J5: 3800 | K5: 510 | L5: =K5/I5*100 -> 2.2486772 | M5: Yes | N5: Closed | O5: MHA Annual Report 2023-24 | P5: https://www.business-standard.com/technology/tech-news/whatsapp-telegram-instagram-top-list-of-fraud-platforms-125010100633_1.html
A6: P-05 | B6: 2024 | C6: Pan-India | D6: Telegram | E6: Messaging App | F6: Deepfake Pornography | G6: IT Act 67, 67A, 66E (BNS 303) | H6: Female | I6: 8900 | J6: 980 | K6: 88 | L6: =K6/I6*100 -> 0.98876404 | M6: Yes | N6: Closed | O6: NCRP / I4C Report 2024 | P6: https://www.cppr.in/articles/deepfakes-doxxing-and-digital-abuse
A7: P-06 | B7: 2025 | C7: Pan-India | D7: Telegram | E7: Messaging App | F7: Child Sexual Abuse Material (CSAM) | G7: IT Act 67B, POCSO Act Sec 13-15 | H7: Female | I7: 10431 | J7: 1820 | K7: 290 | L7: =K7/I7*100 -> 2.7801745 | M7: Yes | N7: Closed | O7: NCRP Rajya Sabha Data 2025 | P7: https://the420.in/india-cybercrime-against-women-ncrp-2025-online-harassment-surge/
A8: P-07 | B8: 2024 | C8: Maharashtra | D8: Instagram | E8: Social Media | F8: Fake Profile & Morphed Images | G8: IT Act 66C, 66D, 67 | H8: Female | I8: 19800 | J8: 3200 | K8: 480 | L8: =K8/I8*100 -> 2.4242424 | M8: Yes | N8: Closed | O8: MHA Annual Report 2023-24 | P8: https://timesofindia.indiatimes.com/city/noida/man-creates-fake-insta-profile-shares-photos-of-woman-from-noida-fir-filed/articleshow/123174104.cms
A9: P-08 | B9: 2024 | C9: Uttar Pradesh | D9: Instagram | E9: Social Media | F9: Cyberbullying & Online Threats | G9: IPC 509 (BNS 352), IT Act 66 | H9: Female | I9: 7400 | J9: 890 | K9: 112 | L9: =K9/I9*100 -> 1.5135135 | M9: Yes | N9: Closed | O9: NCRB Crime in India 2023 | P9: https://ncrb.gov.in/sites/default/files/CII-2024-Snapshot.pdf
A10: P-09 | B10: 2025 | C10: Delhi | D10: Instagram | E10: Social Media | F10: Deepfake Abuse (AI-generated) | G10: IT Act 66E, 67A, BNS 303 | H10: Female | I10: 9200 | J10: 1100 | K10: 143 | L10: =K10/I10*100 -> 1.5543478 | M10: Yes | N10: In Progress | O10: CERT-In Advisory Nov 2024 | P10: https://www.pib.gov.in/PressReleasePage.aspx?PRID=2154268
A11: P-10 | B11: 2024 | C11: Karnataka | D11: Facebook | E11: Social Media | F11: Doxxing & Privacy Violation | G11: IT Act 66E, IPC 509 (BNS 352) | H11: Female | I11: 6800 | J11: 780 | K11: 98 | L11: =K11/I11*100 -> 1.4411765 | M11: Yes | N11: Closed | O11: NCRB Crime in India 2023 | P11: https://ncrb.gov.in/sites/default/files/CII-2024-Snapshot.pdf
A12: P-11 | B12: 2024 | C12: Tamil Nadu | D12: Facebook | E12: Social Media | F12: Online Grooming (Minor Victim) | G12: POCSO Act, IT Act 67B | H12: Female | I12: 3200 | J12: 620 | K12: 140 | L12: =K12/I12*100 -> 4.375 | M12: Yes | N12: Closed | O12: NCRP Annual Data 2024 | P12: https://cybercrime.gov.in
A13: P-12 | B13: 2025 | C13: Pan-India | D13: Facebook | E13: Social Media | F13: Investment / Pig Butchering Scam | G13: IT Act 66, 66D (BNS 318), IPC 420 | H13: Female | I13: 14300 | J13: 2800 | K13: 390 | L13: =K13/I13*100 -> 2.7272727 | M13: Yes | N13: Closed | O13: MHA Annual Report 2023-24 | P13: https://www.mha.gov.in/MHA1/Par2017/pdfs/par2025-pdfs/LS04022025/410.pdf
... A31: P-30 | B31: 2024 | C31: Jharkhand | D31: WhatsApp | E31: Messaging App | F31: Loan App Harassment & Extortion | G31: IT Act 66, 66D, IPC 384 (BNS 308) | H31: Female | I31: 5100 | J31: 610 | K31: 52 | L31: =K31/I31*100 -> 1.0196078 | M31: Yes | N31: Closed | O31: I4C Loan App Report 2024 | P31: https://tpmap.org/submission/index.php/tpm/article/download/3715/2762/8404
A32: P-31 | B32: 2025 | C32: Pan-India | D32: Snapchat | E32: Social Media | F32: Non-Consensual Image Sharing (NCII) | G32: IT Act 66E, 67A, BNS 303 | H32: Female | I32: 4200 | J32: 520 | K32: 48 | L32: =K32/I32*100 -> 1.1428571 | M32: Yes | N32: Closed | O32: NCRP Annual Data | P32: https://cybercrime.gov.in
A33: P-32 | B33: 2025 | C33: Pan-India | D33: LinkedIn | E33: Professional Network | F33: Fake Identity & Blackmail | G33: IT Act 66C, 66D, IPC 509 (BNS 352) | H33: Female | I33: 3100 | J33: 310 | K33: 22 | L33: =K33/I33*100 -> 0.70967742 | M33: Yes | N33: Closed | O33: NCRP Annual Data | P33: https://cybercrime.gov.in

Sheet Summary_by_Platform
A1: platform | B1: platform_type | C1: total_cases_reported | D1: total_convicted | E1: avg_conviction_rate_pct | F1: dominant_crime | G1: source
A2: WhatsApp | B2: Messaging App | C2: =SUMIF(Platform_Case_Data!D:D,A2,Platform_Case_Data!I:I) -> 88797 | D2: =SUMIF(Platform_Case_Data!D:D,A2,Platform_Case_Data!K:K) -> 3122 | E2: =AVERAGEIF(Platform_Case_Data!D:D,A2,Platform_Case_Data!L:L) -> 2.9514349 | F2: Cyberstalking, Sextortion, Impersonation | G2: MHA Annual Report 2023-24
A3: Telegram | B3: Messaging App | C3: =SUMIF(Platform_Case_Data!D:D,A3,Platform_Case_Data!I:I) -> 48311 | D3: =SUMIF(Platform_Case_Data!D:D,A3,Platform_Case_Data!K:K) -> 1000 | E3: =AVERAGEIF(Platform_Case_Data!D:D,A3,Platform_Case_Data!L:L) -> 1.9488484 | F3: Revenge Porn, Deepfake, CSAM | G3: MHA Annual Report 2023-24
A4: Instagram | B4: Social Media | C4: =SUMIF(Platform_Case_Data!D:D,A4,Platform_Case_Data!I:I) -> 38800 | D4: =SUMIF(Platform_Case_Data!D:D,A4,Platform_Case_Data!K:K) -> 867 | E4: =AVERAGEIF(Platform_Case_Data!D:D,A4,Platform_Case_Data!L:L) -> 2.7480259 | F4: Fake Profiles, Morphed Images, Deepfake | G4: MHA Annual Report 2023-24
A5: Facebook | B5: Social Media | C5: =SUMIF(Platform_Case_Data!D:D,A5,Platform_Case_Data!I:I) -> 28400 | D5: =SUMIF(Platform_Case_Data!D:D,A5,Platform_Case_Data!K:K) -> 706 | E5: =AVERAGEIF(Platform_Case_Data!D:D,A5,Platform_Case_Data!L:L) -> 2.6114721 | F5: Doxxing, Grooming, Investment Scam | G5: NCRB / NCRP
A6: X (Twitter) | B6: Social Media | C6: =SUMIF(Platform_Case_Data!D:D,A6,Platform_Case_Data!I:I) -> 9700 | D6: =SUMIF(Platform_Case_Data!D:D,A6,Platform_Case_Data!K:K) -> 80 | E6: =AVERAGEIF(Platform_Case_Data!D:D,A6,Platform_Case_Data!L:L) -> 0.80574913 | F6: Doxing, NCII | G6: CJP Digital Justice Report 2025
A7: Bumble / Tinder | B7: Dating App | C7: =SUMIF(Platform_Case_Data!D:D,A7,Platform_Case_Data!I:I) -> 9100 | D7: =SUMIF(Platform_Case_Data!D:D,A7,Platform_Case_Data!K:K) -> 151 | E7: =AVERAGEIF(Platform_Case_Data!D:D,A7,Platform_Case_Data!L:L) -> 1.650641 | F7: Sextortion, Fake Identity | G7: I4C National Cybercrime Report 2024
A8: AI Tools (Undisclosed) | B8: AI Platform | C8: =SUMIF(Platform_Case_Data!D:D,A8,Platform_Case_Data!I:I) -> 7300 | D8: =SUMIF(Platform_Case_Data!D:D,A8,Platform_Case_Data!K:K) -> 50 | E8: =AVERAGEIF(Platform_Case_Data!D:D,A8,Platform_Case_Data!L:L) -> 0.67549923 | F8: Deepfake Sextortion, Voice Cloning | G8: CERT-In Advisory 2024 / BBC
A9: Multiple Platforms | B9: Cross-Platform | C9: =SUMIF(Platform_Case_Data!E:E,B9,Platform_Case_Data!I:I) -> 70026 | D9: =SUMIF(Platform_Case_Data!E:E,B9,Platform_Case_Data!K:K) -> 1698 | E9: =AVERAGEIF(Platform_Case_Data!E:E,B9,Platform_Case_Data!L:L) -> 3.0266251 | F9: Obscene Content, Explicit Acts, Rape Content | G9: NCRP Rajya Sabha 2025

Sheet NCRP_Yearly_Trend
A1: year | B1: total_complaints_women | C1: obscene_content | D1: sexually_explicit_acts | E1: rape_related_content | F1: csam | G1: yoy_growth_pct | H1: source
A2: 2020 | B2: 22188 | H2: NCRP / CPPR Report
A3: 2021 | B3: 27898 | G3: =(B3-B2)/B2*100 -> 25.734631 | H3: NCRP Annual Data
A4: 2022 | B4: 33560 | G4: =(B4-B3)/B3*100 -> 20.295362 | H4: NCRP Annual Data
A5: 2023 | B5: 40060 | G5: =(B5-B4)/B4*100 -> 19.368296 | H5: NCRP Annual Data
A6: 2024 | B6: 48335 | G6: =(B6-B5)/B5*100 -> 20.656515 | H6: NCRP / MHA Rajya Sabha 2025
A7: 2025 | B7: 76657 | C7: 37743 | D7: 19703 | E7: 8780 | F7: 10431 | G7: =(B7-B6)/B6*100 -> 58.595221 | H7: NCRP Rajya Sabha Statement 2025
